Base,Link,Mantenedor,Cidade,Estado,Pais,Bandeira,Categoria,Tags
Portal da Transparência do Município de Rio Branco,http://transparencia.riobranco.ac.gov.br/,Rio Branco,Rio Branco,AC,Brasil,Brasil,,Municipal
Portal da Transparência do Município de Maceió,http://www.transparencia.maceio.al.gov.br/,Maceió,Maceió,AL,Brasil,Brasil,,Municipal
Portal da Transparência do Município de Macapá,http://transparencia.macapa.ap.gov.br/transparenciafinancas/,Macapá,Macapá,AP,Brasil,Brasil,,Municipal
Prefeitura Municipal de Alvarães,https://transparenciamunicipalaam.org.br/,Alvarães,Alvarães,AM,Brasil,Brasil,,Municipal
Prefeitura Municipal de Amaturá,http://www.amatura.am.gov.br/109/Transparencia/,Amaturá,Amaturá,AM,Brasil,Brasil,,Municipal
Prefeitura Municipal de Anamã,https://transparenciamunicipalaam.org.br/,Anamã,Anamã,AM,Brasil,Brasil,,Municipal
Prefeitura Municipal de Anori,https://transparenciamunicipalaam.org.br/,Anori,Anori,AM,Brasil,Brasil,,Municipal
Prefeitura Municipal de Atalaia do Norte,https://transparenciamunicipalaam.org.br/,Atalaia do Norte,Atalaia do Norte,AM,Brasil,Brasil,,Municipal
Prefeitura Municipal de Autazes,http://servicos.autazes.am.gov.br/portaltransparencia/,Autazes,Autazes,AM,Brasil,Brasil,,Municipal
Prefeitura Municipal de Barcelos,https://transparenciamunicipalaam.org.br/,Barcelos,Barcelos,AM,Brasil,Brasil,,Municipal
Prefeitura Municipal de Barreirinha,https://transparenciamunicipalaam.org.br/,Barreirinha,Barreirinha,AM,Brasil,Brasil,,Municipal
Prefeitura Municipal de Benjamin Constant,https://transparenciamunicipalaam.org.br/,Benjamin Constant,Benjamin Constant,AM,Brasil,Brasil,,Municipal
Prefeitura Municipal de Beruri,https://transparenciamunicipalaam.org.br/,Beruri,Beruri,AM,Brasil,Brasil,,Municipal
Prefeitura Municipal de Boa Vista do Ramos,https://transparenciamunicipalaam.org.br/,Boa Vista do Ramos,Boa Vista do Ramos,AM,Brasil,Brasil,,Municipal
Prefeitura Municipal de Boca do Acre,https://transparenciamunicipalaam.org.br/,Boca do Acre,Boca do Acre,AM,Brasil,Brasil,,Municipal
Prefeitura Municipal de Borba,http://www.transparencia-am.com.br/BORBA/PREVI/borba.php,Borba,Borba,AM,Brasil,Brasil,,Municipal
Prefeitura Municipal de Caapiranga,https://transparenciamunicipalaam.org.br/,Caapiranga,Caapiranga,AM,Brasil,Brasil,,Municipal
Prefeitura Municipal de Canutama,https://transparenciamunicipalaam.org.br/,Canutama,Canutama,AM,Brasil,Brasil,,Municipal
Prefeitura Municipal de Carauari,http://www.transparencia-am.com.br/CARAUARI/PM/carauari.html,Carauari,Carauari,AM,Brasil,Brasil,,Municipal
Prefeitura Municipal de Careiro,https://transparenciamunicipalaam.org.br/,Careiro,Careiro,AM,Brasil,Brasil,,Municipal
Prefeitura Municipal de Careiro da Várzea,https://transparenciamunicipalaam.org.br/,Careiro da Várzea,Careiro da Várzea,AM,Brasil,Brasil,,Municipal
Prefeitura Municipal de Coari,http://coari.am.gov.br/transparencia/,Coari,Coari,AM,Brasil,Brasil,,Municipal
Prefeitura Municipal de Codajás,https://transparenciamunicipalaam.org.br/,Codajás,Codajás,AM,Brasil,Brasil,,Municipal
Prefeitura Municipal de Eirunepé,https://transparenciamunicipalaam.org.br/,Eirunepé,Eirunepé,AM,Brasil,Brasil,,Municipal
Prefeitura Municipal de Envira,https://transparenciamunicipalaam.org.br/,Envira,Envira,AM,Brasil,Brasil,,Municipal
Prefeitura Municipal de Fonte Boa,https://transparenciamunicipalaam.org.br/,Fonte Boa,Fonte Boa,AM,Brasil,Brasil,,Municipal
Prefeitura Municipal de Guajará,https://transparenciamunicipalaam.org.br/,Guajará,Guajará,AM,Brasil,Brasil,,Municipal
Prefeitura Municipal de Humaitá,https://e-gov.betha.com.br/transparencia/01037-006/recursos.faces,Humaitá,Humaitá,AM,Brasil,Brasil,,Municipal
Prefeitura Municipal de Ipixuna,https://transparenciamunicipalaam.org.br/,Ipixuna,Ipixuna,AM,Brasil,Brasil,,Municipal
Prefeitura Municipal de Iranduba,https://transparenciamunicipalaam.org.br/,Iranduba,Iranduba,AM,Brasil,Brasil,,Municipal
Prefeitura Municipal de Itacoatiara,http://perseusdata.com/PMitacoatiara/,Itacoatiara,Itacoatiara,AM,Brasil,Brasil,,Municipal
Prefeitura Municipal de Itamarati,https://transparenciamunicipalaam.org.br/,Itamarati,Itamarati,AM,Brasil,Brasil,,Municipal
Prefeitura Municipal de Itapiranga,https://servicos.dattasystem.com.br/am/pm_itapiranga/,Itapiranga,Itapiranga,AM,Brasil,Brasil,,Municipal
Prefeitura Municipal de Japurá,https://transparenciamunicipalaam.org.br/,Japurá,Japurá,AM,Brasil,Brasil,,Municipal
Prefeitura Municipal de Juruá,https://transparenciamunicipalaam.org.br/,Juruá,Juruá,AM,Brasil,Brasil,,Municipal
Prefeitura Municipal de Jutaí,https://transparenciamunicipalaam.org.br/,Jutaí,Jutaí,AM,Brasil,Brasil,,Municipal
Prefeitura Municipal de Lábrea,http://transparencia-labrea.org/,Lábrea,Lábrea,AM,Brasil,Brasil,,Municipal
Prefeitura Municipal de Manacapuru,http://transparencia.manacapuru.am.gov.br/,Manacapuru,Manacapuru,AM,Brasil,Brasil,,Municipal
Prefeitura Municipal de Manaquiri,https://transparenciamunicipalaam.org.br/,Manaquiri,Manaquiri,AM,Brasil,Brasil,,Municipal
Prefeitura Municipal de Manaus,https://transparencia.manaus.am.gov.br/transparencia/v2/#/home,Manaus,Manaus,AM,Brasil,Brasil,,Municipal
Prefeitura Municipal de Manicoré,http://perseusdata.com/PMmanicore/,Manicoré,Manicoré,AM,Brasil,Brasil,,Municipal
Prefeitura Municipal de Maraã,https://transparenciamunicipalaam.org.br/,Marãa,Marãa,AM,Brasil,Brasil,,Municipal
Prefeitura Municipal de Maués,https://transparenciamunicipalaam.org.br/,Maués,Maués,AM,Brasil,Brasil,,Municipal
Prefeitura Municipal de Nhamundá,http://perseusdata.com/PMnhamunda/,Nhamundá,Nhamundá,AM,Brasil,Brasil,,Municipal
Prefeitura Municipal de Nova Olinda do Norte,https://transparenciamunicipalaam.org.br/,Nova Olinda do Norte,Nova Olinda do Norte,AM,Brasil,Brasil,,Municipal
Prefeitura Municipal de Novo Airão,http://perseusdata.com/PMnovoairao/,Novo Airão,Novo Airão,AM,Brasil,Brasil,,Municipal
Prefeitura Municipal de Novo Aripuanã,https://transparenciamunicipalaam.org.br/,Novo Aripuanã,Novo Aripuanã,AM,Brasil,Brasil,,Municipal
Prefeitura Municipal de Parintins,https://transparencia.parintins.am.gov.br/,Parintins,Parintins,AM,Brasil,Brasil,,Municipal
Prefeitura Municipal de Pauini,https://transparenciamunicipalaam.org.br/,Pauini,Pauini,AM,Brasil,Brasil,,Municipal
Prefeitura Municipal de Presidente Figueiredo,https://transparenciamunicipalaam.org.br/,Presidente Figueiredo,Presidente Figueiredo,AM,Brasil,Brasil,,Municipal
Prefeitura Municipal de Rio Preto da Eva,http://riopretodaeva.portaldatransparencia.org/,Rio Preto da Eva,Rio Preto da Eva,AM,Brasil,Brasil,,Municipal
Prefeitura Municipal de Santa Izabel do Rio Negro,https://transparenciamunicipalaam.org.br/,Santa Izabel do Rio Negro,Santa Izabel do Rio Negro,AM,Brasil,Brasil,,Municipal
Prefeitura Municipal de Santo Antônio do Içá,https://transparenciamunicipalaam.org.br/,Santo Antônio do Içá,Santo Antônio do Içá,AM,Brasil,Brasil,,Municipal
Prefeitura Municipal de São Gabriel da Cachoeira,https://transparenciamunicipalaam.org.br/,São Gabriel da Cachoeira,São Gabriel da Cachoeira,AM,Brasil,Brasil,,Municipal
Prefeitura Municipal de São Paulo de Olivença,https://transparenciamunicipalaam.org.br/,São Paulo de Olivença,São Paulo de Olivença,AM,Brasil,Brasil,,Municipal
Prefeitura Municipal de São Sebastião do Uatumã,http://www.transparencia-am.com.br/SAOSEBASTIAODOUATUMA/PM/,São Sebastião do Uatumã,São Sebastião do Uatumã,AM,Brasil,Brasil,,Municipal
Prefeitura Municipal de Silves,https://transparenciamunicipalaam.org.br/,Silves,Silves,AM,Brasil,Brasil,,Municipal
Prefeitura Municipal de Tabatinga,https://transparenciamunicipalaam.org.br/,Tabatinga,Tabatinga,AM,Brasil,Brasil,,Municipal
Prefeitura Municipal de Tapauá,https://transparenciamunicipalaam.org.br/,Tapauá,Tapauá,AM,Brasil,Brasil,,Municipal
Prefeitura Municipal de Tefé,https://transparenciamunicipalaam.org.br/,Tefé,Tefé,AM,Brasil,Brasil,,Municipal
Prefeitura Municipal de Tonantins,https://transparenciamunicipalaam.org.br/,Tonantins,Tonantins,AM,Brasil,Brasil,,Municipal
Prefeitura Municipal de Uarini,https://transparenciamunicipalaam.org.br/,Uarini,Uarini,AM,Brasil,Brasil,,Municipal
Prefeitura Municipal de Urucará,http://www.transparencia-am.com.br/URUCARA/PM/urucara.php,Urucará,Urucará,AM,Brasil,Brasil,,Municipal
Prefeitura Municipal de Urucurituba,https://transparenciamunicipalaam.org.br/,Urucurituba,Urucurituba,AM,Brasil,Brasil,,Municipal
Portal da Transparência do Município de Salvador,http://www.transparencia.salvador.ba.gov.br/,Salvador,Salvador,BA,Brasil,Brasil,,Municipal
Portal da Transparência do Município de Feira de Santana,http://www.transparencia.feiradesantana.ba.gov.br/index.php?view=inicio,Feira de Santana,Feira de Santana,BA,Brasil,Brasil,,Municipal
Portal da Transparência do Município de Vitória da Conquista,http://vitoriadaconquista-ba.portaltp.com.br/,Vitória da Conquista,Vitória da Conquista,BA,Brasil,Brasil,,Municipal
Portal de Dados Abertos do Município de Fortaleza,http://dados.fortaleza.ce.gov.br/,Fortaleza,Fortaleza,CE,Brasil,Brasil,,Municipal
Portal da Transparência do Município de Caucaia,http://www.caucaia.ce.gov.br/transparencia.php,Caucaia,Caucaia,CE,Brasil,Brasil,,Municipal
Portal da Transparência do Município de Serra,http://transparencia.serra.es.gov.br/,Serra,Serra,ES,Brasil,Brasil,,Municipal
Portal da Transparência do Município de Vila Velha,http://www.vilavelha.es.gov.br/transparencia/,Vila Velha,Vila Velha,ES,Brasil,Brasil,,Municipal
Portal da Transparência do Município de Cariacica,http://transparencia.cariacica.es.gov.br/,Cariacica,Cariacica,ES,Brasil,Brasil,,Municipal
Portal da Transparência do Município de Vitória,http://transparencia.vitoria.es.gov.br/Default.aspx,Vitória,Vitória,ES,Brasil,Brasil,,Municipal
Portal da Transparência do Município de Goiânia,http://www10.goiania.go.gov.br/transweb/,Goiânia,Goiânia,GO,Brasil,Brasil,,Municipal
Portal da Transparência do Município de Aparecida de Goiânia,http://transparencia.aparecida.go.gov.br/portaltransparencia/,Aparecida de Goiânia,Aparecida de Goiânia,GO,Brasil,Brasil,,Municipal
Portal da Transparência e Dados Abertos do Município de Anápolis,http://www.transparencia.anapolis.go.gov.br/transparencia/,Anápolis,Anápolis,GO,Brasil,Brasil,,Municipal
Portal da Transparência do Município de São Luís,http://transparencia.saoluis.ma.gov.br/,São Luís,São Luís,MA,Brasil,Brasil,,Municipal
Portal da Transparência do Município de Campo Grande,http://transparencia.campogrande.ms.gov.br/,Campo Grande,Campo Grande,MS,Brasil,Brasil,,Municipal
Portal da Transparência do Município de Cuiabá,http://transparencia.cuiaba.mt.gov.br/transparencia/servlet/portalcuiaba,Cuiabá,Cuiabá,MT,Brasil,Brasil,,Municipal
Portal da Transparência do Município de Belo Horizonte,https://prefeitura.pbh.gov.br/transparencia,Belo Horizonte,Belo Horizonte,MG,Brasil,Brasil,,Municipal
Portal de Dados Abertos,https://dados.pbh.gov.br/,Belo Horizonte,Belo Horizonte,MG,Brasil,Brasil,,Municipal
Portal da Transparência do Município de Uberlândia,http://www.uberlandia.mg.gov.br/?pagina=transparencia&id=879,Uberlândia,Uberlândia,MG,Brasil,Brasil,,Municipal
Portal da Transparência do Município de Contagem,http://www.contagem.mg.gov.br/?og=527684&te=apresentacao,Contagem,Contagem,MG,Brasil,Brasil,,Municipal
Portal da Transparência do Município de Juiz de Fora,https://www.pjf.mg.gov.br/transparencia/index.php,Juiz de Fora,Juiz de Fora,MG,Brasil,Brasil,,Municipal
Portal da Transparência do Município de Betim,http://servicos.betim.mg.gov.br/appsgi/servlet/wmtranspinicial,Betim,Betim,MG,Brasil,Brasil,,Municipal
Portal da Transparência do Município de Montes Claros,http://sis.montesclaros.mg.gov.br/transparencia,Montes Claros,Montes Claros,MG,Brasil,Brasil,,Municipal
Portal da Transparência do Município de Ribeirão das Neves,http://www.ribeiraodasneves.mg.gov.br/transparencia,Ribeirão das Neves,Ribeirão das Neves,MG,Brasil,Brasil,,Municipal
Portal da Transparência do Município de Uberaba,"http://www.uberaba.mg.gov.br/portal/conteudo,37644",Uberaba,Uberaba,MG,Brasil,Brasil,,Municipal
Portal da Transparência do Município de Belém,http://transparencia.belem.pa.gov.br/giig/portais/,Belém,Belém,PA,Brasil,Brasil,,Municipal
Portal da Transparência do Município de Ananindeua,http://www.ananindeua.pa.gov.br/transparencia/?m=services#,Ananindeua,Ananindeua,PA,Brasil,Brasil,,Municipal
Portal da Transparência do Município de João Pessoa,https://transparencia.joaopessoa.pb.gov.br/#/,João Pessoa,João Pessoa,PB,Brasil,Brasil,,Municipal
Semanário Oficial do Município de João Pessoa,http://www.joaopessoa.pb.gov.br/semanariooficial/,João Pessoa,João Pessoa,PB,Brasil,Brasil,,Municipal
Portal da Transparência da Câmara Municipal de João Pessoa,https://transparencia.elmartecnologia.com.br/?e=101095,João Pessoa,João Pessoa,PB,Brasil,Brasil,,Municipal
Semanário Oficial da Câmara Municipal de João Pessoa,https://cmjp.pb.gov.br/diario-oficial/,João Pessoa,João Pessoa,PB,Brasil,Brasil,,Municipal
Portal da Transparência do Município de Campina Grande,http://campinagrande.pb.gov.br/portal-da-transparencia/,Campina Grande,Campina Grande,PB,Brasil,Brasil,,Municipal
Semanário Oficial do Município de Campina Grande,http://campinagrande.pb.gov.br/semanario-oficial/,Campina Grande,Campina Grande,PB,Brasil,Brasil,,Municipal
Portal da Transparência da Câmara Municipal de Campina Grande,https://www.camaracg.pb.gov.br/transparencia/,Campina Grande,Campina Grande,PB,Brasil,Brasil,,Municipal
Portal da Transparência do Município de Santa Rita,https://www.santarita.pb.gov.br/transparencia/portal-da-transparencia/,Santa Rita,Santa Rita,PB,Brasil,Brasil,,Municipal
Portal da Transparência do Município de Cajazeiras,https://cajazeiras.pb.gov.br/transparencia/,Cajazeiras,Cajazeiras,PB,Brasil,Brasil,,Municipal
Portal da Transparência do Município de Itabaiana,http://transparencia.itabaiana.pb.gov.br/,Itabaiana,Itabaiana,PB,Brasil,Brasil,,Municipal
Portal da Transparência do Município de Ingá,https://inga.pb.gov.br/portal-da-transparencia/,Ingá,Ingá,PB,Brasil,Brasil,,Municipal
Portal da Transparência do Município de Mamanguape,https://transparencia.mamanguape.pb.gov.br/,Mamanguape,Mamanguape,PB,Brasil,Brasil,,Municipal
Portal da Transparência do Município de Guarabira,http://www.guarabira.pb.gov.br/portaldatransparencia/,Guarabira,Guarabira,PB,Brasil,Brasil,,Municipal
Portal da Transparência do Município de Sousa,http://sousa.pb.gov.br/cont.php?pagina=transparencia,Sousa,Sousa,PB,Brasil,Brasil,,Municipal
Portal da Transparência do Município de Picuí,https://www.picui.pb.gov.br/portal/transparencia-fiscal,Picuí,Picuí,PB,Brasil,Brasil,,Municipal
Portal da Transparência do Município de Patos,http://patos.pb.gov.br/servicos/portal_da_transparencia,Patos,Patos,PB,Brasil,Brasil,,Municipal
Portal da Transparência do Município de Pombal,http://pombal.pb.gov.br/transparencia/,Pombal,Pombal,PB,Brasil,Brasil,,Municipal
Portal de Dados Abertos do Município de Curitiba,http://curitiba.pr.gov.br/dadosabertos/,Curitiba,Curitiba,PR,Brasil,Brasil,,Municipal
Portal da Transparência do Município de Londrina,http://www.londrina.pr.gov.br/index.php?option=com_content&view=section&id=23&Itemid=1765,Londrinha,Londrinha,PR,Brasil,Brasil,,Municipal
Portal da Transparência do Município de Maringá,http://venus.maringa.pr.gov.br:9900/portaltransparencia/,Maringá,Maringá,PR,Brasil,Brasil,,Municipal
Portal da Transparência do Município de Ponta Grossa,http://transparencia.pontagrossa.pr.gov.br/,Ponta Grossa,Ponta Grossa,PR,Brasil,Brasil,,Municipal
Portal da Transparência do Município de Cascavel,https://cascavel.atende.net/?pg=transparencia#!/,Cascavel,Cascavel,PR,Brasil,Brasil,,Municipal
Portal da Transparência do Município de São José dos Pinhais,http://transparencia.sjp.pr.gov.br/,São José dos Pinhais,São José dos Pinhais,PR,Brasil,Brasil,,Municipal
Portal de Dados Abertos do Município de Recife,http://dados.recife.pe.gov.br,Recife,Recife,PE,Brasil,Brasil,,Municipal
Portal da Transparência do Município de Olinda,http://transparencia.olinda.pe.gov.br/pronimtb/,Olinda,Olinda,PE,Brasil,Brasil,,Municipal
Portal da Transparência do Município de Caruaru,http://caruarupe.transparencianomunicipio.com.br/,Caruaru,Caruaru,PE,Brasil,Brasil,,Municipal
Portal da Transparência do Município de Paulista,http://transparencia.paulista.pe.gov.br/codigos/web/geral/home.php,Paulista,Paulista,PE,Brasil,Brasil,,Municipal
Prefeitura de Salgueiro,http://www.salgueiro.pe.gov.br/transparencia/index.htm,Salgueiro,Salgueiro,PE,Brasil,Brasil,,Municipal
Prefeitura de Petrolina,http://transparencia.petrolina.pe.gov.br/,Petrolina,Petrolina,PE,Brasil,Brasil,,Municipal
Prefeitura de Jaboatão dos Guararapes,https://portaldatransparencia.jaboatao.pe.gov.br/,Guararapes,Guararapes,PE,Brasil,Brasil,,Municipal
Portal da Transparência do Município de Teresina,http://transparencia.teresina.pi.gov.br,Teresina,Teresina,PI,Brasil,Brasil,,Municipal
Portal da Transparência do Município de Boqueirão do Piauí,http://www.boqueiraodopiaui.pi.gov.br/boqueiraodopiaui/,Boqueirão do Piauí,Boqueirão do Piauí,PI,Brasil,Brasil,,Municipal
Portal da Transparência do Município de Campo Maior,http://200.98.143.125:8080/portaltransparencia,Campo Maior,Campo Maior,PI,Brasil,Brasil,,Municipal
Portal da Transparência do Município de Jatobá do Piauí,http://jatobadopiaui.pi.gov.br/jatobadopiaui/,Jatobá do Piauí,Jatobá do Piauí,PI,Brasil,Brasil,,Municipal
Prefeitura de Angra dos Reis,http://www.angra.rj.gov.br/secretaria.asp?indexsigla=transp,Angra dos Reis,Angra dos Reis,RJ,Brasil,Brasil,,Municipal
Prefeitura de Aperibé,http://www.aperibe.rj.gov.br/portal,Aperibé,Aperibé,RJ,Brasil,Brasil,,Municipal
Prefeitura de Araruama,https://www.araruama.rj.gov.br/transparencia/,Araruama,Araruama,RJ,Brasil,Brasil,,Municipal
Prefeitura de Areal,http://areal.rj.gov.br/portal-da-transparencia-2/,Areal,Areal,RJ,Brasil,Brasil,,Municipal
Prefeitura de Armação dos Búzios,http://www.buzios.rj.gov.br/transparencia/Default,Armação dos Búzios,Armação dos Búzios,RJ,Brasil,Brasil,,Municipal
Prefeitura de Arraial do Cabo,http://186.237.32.90:2018/contaspublicas/,Arraial do Cabo,Arraial do Cabo,RJ,Brasil,Brasil,,Municipal
Prefeitura de Barra do Piraí,http://transparencia.portalbarradopirai.com.br/index.php/pt/,Barra do Piraí,Barra do Piraí,RJ,Brasil,Brasil,,Municipal
Prefeitura de Barra Mansa,http://www.barramansa.rj.gov.br/transparencia/index.php/en/,Barra Mansa,Barra Mansa,RJ,Brasil,Brasil,,Municipal
Prefeitura de Belford Roxo,http://transparencia.prefeituradebelfordroxo.rj.gov.br/,Belford Roxo,Belford Roxo,RJ,Brasil,Brasil,,Municipal
Prefeitura de Bom Jardim,http://www.bomjardim.rj.gov.br/e-sic/,Bom Jardim,Bom Jardim,RJ,Brasil,Brasil,,Municipal
Prefeitura de Bom Jesus do Itabapoana,http://transparencia.bomjesus.rj.gov.br:8079/transparencia,Bom Jesus do Itabapoana,Bom Jesus do Itabapoana,RJ,Brasil,Brasil,,Municipal
Prefeitura de Cabo Frio,http://cabofrio.rj.gov.br/transparencia/,Cabo Frio,Cabo Frio,RJ,Brasil,Brasil,,Municipal
Prefeitura de Cachoeiras de Macacu,https://e-gov.betha.com.br/transparencia/01037-004/recursos.faces?mun=NmwYKTAEBjQ=,Cachoeiras de Macacu,Cachoeiras de Macacu,RJ,Brasil,Brasil,,Municipal
Prefeitura de Cambuci,http://prefeituradecambuci.rj.gov.br/transparencia/,Cambuci,Cambuci,RJ,Brasil,Brasil,,Municipal
Prefeitura de Campos dos Goytacazes,https://transparencia.campos.rj.gov.br/home,Campos dos Goytacazes,Campos dos Goytacazes,RJ,Brasil,Brasil,,Municipal
Prefeitura de Cantagalo,https://www.cantagalo.rj.gov.br/transparencia,Cantagalo,Cantagalo,RJ,Brasil,Brasil,,Municipal
Prefeitura de Carapebus,http://pt.carapebus.rj.gov.br/,Carapebus,Carapebus,RJ,Brasil,Brasil,,Municipal
Prefeitura de Cardoso Moreira,http://transparencia.cardosomoreira.rj.gov.br:8079/transparencia/,Cardoso Moreira,Cardoso Moreira,RJ,Brasil,Brasil,,Municipal
Prefeitura de Carmo,http://www.carmo.rj.gov.br/transparencia,Carmo,Carmo,RJ,Brasil,Brasil,,Municipal
Prefeitura de Casimiro de Abreu,http://transparencia.casimirodeabreu.rj.gov.br/,Casimiro de Abreu,Casimiro de Abreu,RJ,Brasil,Brasil,,Municipal
Prefeitura de Comendador Levy Gasparian,http://pt.levygasparian.rj.gov.br/,Comendador Levy Gasparian,Comendador Levy Gasparian,RJ,Brasil,Brasil,,Municipal
Prefeitura de Conceição de Macabu,http://pt.conceicaodemacabu.rj.gov.br/,Conceição de Macabu,Conceição de Macabu,RJ,Brasil,Brasil,,Municipal
Prefeitura de Cordeiro,http://www.cordeiro.rj.gov.br/portal,Cordeiro,Cordeiro,RJ,Brasil,Brasil,,Municipal
Prefeitura de Duas Barras,http://www.duasbarras.rj.gov.br/portal,Duas Barras,Duas Barras,RJ,Brasil,Brasil,,Municipal
Prefeitura de Duque de Caxias,http://transparencia.duquedecaxias.rj.gov.br/,Duque de Caxias,Duque de Caxias,RJ,Brasil,Brasil,,Municipal
Prefeitura de Engenheiro Paulo de Frontin,https://e-gov.betha.com.br/transparencia/01037-004/recursos.faces?mun=LM2jR8s96JlZWH5V0U0nBOKj-tSyQHef,Engenheiro Paulo de Frontin,Engenheiro Paulo de Frontin,RJ,Brasil,Brasil,,Municipal
Prefeitura de Guapimirim,http://guapimirim.rj.gov.br/transparencia/,Guapimirim,Guapimirim,RJ,Brasil,Brasil,,Municipal
Prefeitura de Iguaba Grande,http://digital.iguaba.rj.gov.br/,Iguaba Grande,Iguaba Grande,RJ,Brasil,Brasil,,Municipal
Prefeitura de Itaboraí,https://www.itaborai.rj.gov.br/cidade-transparente/,Itaboraí,Itaboraí,RJ,Brasil,Brasil,,Municipal
Prefeitura de Itaguaí,http://transparencia.itaguai.rj.gov.br/,Itaguaí,Itaguaí,RJ,Brasil,Brasil,,Municipal
Prefeitura de Italva,http://transparencia.italva.rj.gov.br/pronimtb/index.asp,Italva,Italva,RJ,Brasil,Brasil,,Municipal
Prefeitura de Itaocara,http://itaocara.rj.gov.br/transparencia/,Itaocara,Itaocara,RJ,Brasil,Brasil,,Municipal
Prefeitura de Itaperuna,http://177.223.12.122:81/pronimtb/,Itaperuna,Itaperuna,RJ,Brasil,Brasil,,Municipal
Prefeitura de Itatiaia,https://itatiaia.rj.gov.br/acesso-a-informacao,Itatiaia,Itatiaia,RJ,Brasil,Brasil,,Municipal
Prefeitura de Japeri,http://www.japeri.rj.gov.br/novatransparencia/,Japeri,Japeri,RJ,Brasil,Brasil,,Municipal
Prefeitura de Laje do Muriaé,http://laje.rj.gov.br/transparencia/,Laje do Muriaé,Laje do Muriaé,RJ,Brasil,Brasil,,Municipal
Prefeitura de Macaé,http://sistemas.macae.rj.gov.br:84/transparencia/,Macaé,Macaé,RJ,Brasil,Brasil,,Municipal
Prefeitura de Macuco,http://prefeituramacuco.rj.gov.br/prefpop/index.html,Macuco,Macuco,RJ,Brasil,Brasil,,Municipal
Prefeitura de Magé,http://transparencia.mage.rj.gov.br/,Magé,Magé,RJ,Brasil,Brasil,,Municipal
Prefeitura de Mangaratiba,https://e-gov.betha.com.br/transparencia/01037-004/recursos.faces?mun=WppxBH47Kza1Cw1lEux3UylrmoIL_iuG,Mangaratiba,Mangaratiba,RJ,Brasil,Brasil,,Municipal
Prefeitura de Maricá,http://ecidadeonline.marica.rj.gov.br/e-cidade_transparencia_inte/,Maricá,Maricá,RJ,Brasil,Brasil,,Municipal
Prefeitura de Mendes,http://www.mendes.rj.gov.br/234,Mendes,Mendes,RJ,Brasil,Brasil,,Municipal
Prefeitura de Mesquita,http://transparencia.mesquita.rj.gov.br/,Mesquita,Mesquita,RJ,Brasil,Brasil,,Municipal
Prefeitura de Miguel Pereira,http://transparencia.pmmp.rj.gov.br/,Miguel Pereira,Miguel Pereira,RJ,Brasil,Brasil,,Municipal
Prefeitura de Miracema,http://miracema.rj.gov.br/transparencia/,Miracema,Miracema,RJ,Brasil,Brasil,,Municipal
Prefeitura de Natividade,http://179.109.158.34:8079/transparencia/,Natividade,Natividade,RJ,Brasil,Brasil,,Municipal
Prefeitura de Nilópolis,http://nilopolis.rj.gov.br/site/transparencia/,Nilópolis,Nilópolis,RJ,Brasil,Brasil,,Municipal
Prefeitura de Niterói,http://portais.niteroi.rj.gov.br/portal-da-transparencia/,Niterói,Niterói,RJ,Brasil,Brasil,,Municipal
Prefeitura de Nova Friburgo,http://transparencia.pmnf.rj.gov.br/,Nova Friburgo,Nova Friburgo,RJ,Brasil,Brasil,,Municipal
Prefeitura de Nova Iguaçu,http://dstec01.cloudapp.net/esiclivre/,Nova Iguaçu,Nova Iguaçu,RJ,Brasil,Brasil,,Municipal
Prefeitura de Paracambi,https://paracambi.ccanet.com.br/transparencia,Paracambi,Paracambi,RJ,Brasil,Brasil,,Municipal
Prefeitura de Paraíba do Sul,http://paraibadosul.rj.gov.br/transparencia,Paraíba do Sul,Paraíba do Sul,RJ,Brasil,Brasil,,Municipal
Prefeitura de Paraty,http://pmparaty.web2382.uni5.net/blogtransparencia/index.aspx,Paraty,Paraty,RJ,Brasil,Brasil,,Municipal
Prefeitura de Paty do Alferes,http://200.199.78.2/e-cidade_transparencia/,Paty do Alferes,Paty do Alferes,RJ,Brasil,Brasil,,Municipal
Prefeitura de Petrópolis,http://www.petropolis.rj.gov.br/pmp/index.php/transparencia-servico/home-transparencia.html,Petrópolis,Petrópolis,RJ,Brasil,Brasil,,Municipal
Prefeitura de Pinheiral,http://www.pinheiral.rj.gov.br/PortalTransparencia/,Pinheiral,Pinheiral,RJ,Brasil,Brasil,,Municipal
Prefeitura de Piraí,https://transparencia.pirai.rj.gov.br/,Piraí,Piraí,RJ,Brasil,Brasil,,Municipal
Prefeitura de Porciúncula,http://transparencia.porciuncula.rj.gov.br:8079/transparencia,Porciúncula,Porciúncula,RJ,Brasil,Brasil,,Municipal
Prefeitura de Porto Real,http://s2.asp.srv.br/etransparencia.pm.portoreal.rj/servlet/portal,Porto Real,Porto Real,RJ,Brasil,Brasil,,Municipal
Prefeitura de Quatis,transparencia.quatis.rj.gov.bcr,Quatis,Quatis,RJ,Brasil,Brasil,,Municipal
Prefeitura de Queimados,http://semad.queimados.rj.gov.br/,Queimados,Queimados,RJ,Brasil,Brasil,,Municipal
Prefeitura de Quissamã,http://transparencia.quissama.rj.gov.br/contaspublicas/,Quissamã,Quissamã,RJ,Brasil,Brasil,,Municipal
Prefeitura de Resende,http://resende.rj.gov.br/blogtransparencia/page/index.asp,Resende,Resende,RJ,Brasil,Brasil,,Municipal
Prefeitura de Rio Bonito,https://e-gov.betha.com.br/transparencia/01037-004/recursos.faces?mun=ZNMCq9WbIVc=mun=vmkUEqRPbWusgJfn2UjAO_5-6qALcbpz,Rio Bonito,Rio Bonito,RJ,Brasil,Brasil,,Municipal
Prefeitura de Rio Claro,https://e-gov.betha.com.br/transparencia/01037-004/recursos.faces?,Rio Claro,Rio Claro,RJ,Brasil,Brasil,,Municipal
Prefeitura de Rio das Flôres,http://transparenciapmrf.primaxonline.com.br/,Rio das Flôres,Rio das Flôres,RJ,Brasil,Brasil,,Municipal
Prefeitura de Rio das Ostras,https://www.riodasostras.rj.gov.br/transparencia/,Rio das Ostras,Rio das Ostras,RJ,Brasil,Brasil,,Municipal
Prefeitura do Rio de Janeiro,http://prefeitura.rio/web/transparenciacarioca,Rio de Janeiro,Rio de Janeiro,RJ,Brasil,Brasil,,Municipal
DATA.Rio,http://www.data.rio/,Rio de Janeiro,Rio de Janeiro,RJ,Brasil,Brasil,,Municipal
Prefeitura de Santa Maria Madalena,https://www.pmsmm.rj.gov.br/portal_transparencia,Santa Maria Madalena,Santa Maria Madalena,RJ,Brasil,Brasil,,Municipal
Prefeitura de Santo Antônio de Pádua,http://santoantoniodepadua.rj.gov.br/transparencia/,Santo Antônio de Pádua,Santo Antônio de Pádua,RJ,Brasil,Brasil,,Municipal
Prefeitura de São Fidélis,http://177.66.89.34:8079/Transparencia/,São Fidélis,São Fidélis,RJ,Brasil,Brasil,,Municipal
Prefeitura de São Francisco de Itabapoana,http://www.pmsfi.rj.gov.br/portal-da-transparencia/siapegov/portal/index.php?cliente=pmsaogoncalo,São Francisco de Itabapoana,São Francisco de Itabapoana,RJ,Brasil,Brasil,,Municipal
Prefeitura de São Gonçalo,http://www.pmsg.rj.gov.br/transparencia/,São Gonçalo,São Gonçalo,RJ,Brasil,Brasil,,Municipal
Portal da Transparência da Prefeitura de São Gonçalo,https://portal.pmsg.rj.gov.br/pmsaogoncalo/websis/,São Gonçalo,São Gonçalo,RJ,Brasil,Brasil,,Municipal
Prefeitura de São João da Barra,https://saojoaodabarra-rj.portaltp.com.br/consultas/institucional/arquivo.aspx,São João da Barra,São João da Barra,RJ,Brasil,Brasil,,Municipal
Prefeitura de São João de Meriti,http://transparencia.meriti.rj.gov.br/?serv=28,São João de Meriti,São João de Meriti,RJ,Brasil,Brasil,,Municipal
Prefeitura de Sao José de Ubá,http://pt.saojosedeuba.rj.gov.br/pronimtb/,Sao José de Ubá,Sao José de Ubá,RJ,Brasil,Brasil,,Municipal
Prefeitura de São José do Vale do Rio Preto,https://e-gov.betha.com.br/transparencia/01037-005/recursos.faces,São José do Vale do Rio Preto,São José do Vale do Rio Preto,RJ,Brasil,Brasil,,Municipal
Prefeitura de São Pedro da Aldeia,http://transparencia.pmspa.rj.gov.br/,São Pedro da Aldeia,São Pedro da Aldeia,RJ,Brasil,Brasil,,Municipal
Prefeitura de São Sebastião do Alto,http://ssalto.rj.gov.br/portal-da-transparencia/,São Sebastião do Alto,São Sebastião do Alto,RJ,Brasil,Brasil,,Municipal
Prefeitura de Sapucaia,http://sapucaia.rj.gov.br/servicos/index.html,Sapucaia,Sapucaia,RJ,Brasil,Brasil,,Municipal
Prefeitura de Saquarema,http://transparencia.saquarema.rj.gov.br/,Saquarema,Saquarema,RJ,Brasil,Brasil,,Municipal
Prefeitura de Seropédica,http://transparencia.seropedica.rj.gov.br/,Seropédica,Seropédica,RJ,Brasil,Brasil,,Municipal
Prefeitura de Silva Jardim,http://cidadao.silvajardim.rj.gov.br/pronimtb/index.asp,Silva Jardim,Silva Jardim,RJ,Brasil,Brasil,,Municipal
Prefeitura de Sumidouro,http://www.sumidouro.rj.gov.br/menu-transparencia/,Sumidouro,Sumidouro,RJ,Brasil,Brasil,,Municipal
Prefeitura de Tanguá,https://tangua.rj.gov.br/transparencia/,Tanguá,Tanguá,RJ,Brasil,Brasil,,Municipal
Prefeitura de Teresópolis,https://teresopolis.rj.gov.br/transparencia/,Teresópolis,Teresópolis,RJ,Brasil,Brasil,,Municipal
Prefeitura de Trajano de Moraes,https://trajanotransparente.rj.gov.br/,Trajano de Moraes,Trajano de Moraes,RJ,Brasil,Brasil,,Municipal
Prefeitura de Três Rios,http://transparencia-pmtr.sgpsystems.com.br/,Três Rios,Três Rios,RJ,Brasil,Brasil,,Municipal
Prefeitura de Valença,http://www.valenca.rj.gov.br/transparencia/,Valença,Valença,RJ,Brasil,Brasil,,Municipal
Prefeitura de Varre-Sai,http://transparencia.varresai.rj.gov.br:8090/pronimtb/,Varre-Sai,Varre-Sai,RJ,Brasil,Brasil,,Municipal
Prefeitura de Vassouras,http://186.226.210.213/pronimtb/,Vassouras,Vassouras,RJ,Brasil,Brasil,,Municipal
Prefeitura de Volta Redonda,http://www.voltaredonda.rj.gov.br/transparencia/,Volta Redonda,Volta Redonda,RJ,Brasil,Brasil,,Municipal
Portal da Transparência e Mobilidade Urbana de Natal,http://dados.natal.br/,Nata,Nata,RN,Brasil,Brasil,,Municipal
Portal da Transparência do Município de Natal,https://natal.rn.gov.br/transparencia/,Natal,Natal,RN,Brasil,Brasil,,Municipal
Portal da Transparência do Município de Canela,http://servicosonline.canela.rs.gov.br:8080/sys523/,Canela,Canela,RS,Brasil,Brasil,,Municipal
Portal da Transparência do Município de Canoas,http://sistemas.canoas.rs.gov.br/transparencia/servlet/home,Canoas,Canoas,RS,Brasil,Brasil,,Municipal
Portal da Transparência do Município de Caxias do Sul,https://www.caxias.rs.gov.br/transparencia/,Caxias do Sul,Caxias do Sul,RS,Brasil,Brasil,,Municipal
Portal da Transparência do Município de Gramado,https://e-gov.betha.com.br/transparencia/01037-007/recursos.faces?mun=9bLe8KbFHR0=,Gramado,Gramado,RS,Brasil,Brasil,,Municipal
Portal da Transparência do Município de Pelotas,http://www.pelotas.com.br/transparencia/,Pelotas,Pelotas,RS,Brasil,Brasil,,Municipal
Portal de Dados Abertos do Município de Porto Alegre,http://datapoa.com.br/,Porto Alegre,Porto Alegre,RS,Brasil,Brasil,,Municipal
Portal da Transparência do Município de Santa Maria,http://www.santamaria.rs.gov.br/transparencia/,Santa Maria,Santa Maria,RS,Brasil,Brasil,,Municipal
Portal da Transparência do Município de Porto Velho,http://transparencia.portovelho.ro.gov.br/Site/Principal/,Porto Velho,Porto Velho,RO,Brasil,Brasil,,Municipal
Portal da Transparência da Câmara Municipal de Porto Velho,http://transparencia.portovelho.ro.leg.br/,Porto Velho,Porto Velho,RO,Brasil,Brasil,,Municipal
Portal de Transparência do Município de Alta Floresta D'Oeste,https://transparencia.altaflorestadoeste.ro.gov.br/,Alta Floresta D'Oeste,Alta Floresta D'Oeste,RO,Brasil,Brasil,,Municipal
Portal da Transparência da Câmara Municipal de Alta Floresta D'Oeste,http://transparencia.altaflorestadoeste.ro.leg.br/,Alta Floresta D'Oeste,Alta Floresta D'Oeste,RO,Brasil,Brasil,,Municipal
Portal de Transparência do Município de Ariquemes,http://transparencia.ariquemes.ro.gov.br/transparencia/,Ariquemes,Ariquemes,RO,Brasil,Brasil,,Municipal
Portal de Transparência da Câmara Municipal de Ariquemes,http://transparencia.camaradeariquemes.ro.gov.br/,Ariquemes,Ariquemes,RO,Brasil,Brasil,,Municipal
Portal de Transparência do Município de Cabixi,http://transparencia.cabixi.ro.gov.br/,Cabixi,Cabixi,RO,Brasil,Brasil,,Municipal
Portal de Transparência da Câmara Municipal de Cabixi,http://transparencia.cabixi.ro.leg.br/transparencia/,Cabixi,Cabixi,RO,Brasil,Brasil,,Municipal
Portal de Transparência do Município de Cacoal,https://transparencia.cacoal.ro.gov.br/,Cacoal,Cacoal,RO,Brasil,Brasil,,Municipal
Portal de Transparência da Câmara Municipal de Cacoal,http://transparencia.cacoal.ro.leg.br/portaltransparencia/,Cacoal,Cacoal,RO,Brasil,Brasil,,Municipal
Portal de Transparência do Município de Cerejeiras,http://transparencia.cerejeiras.ro.gov.br/,Cerejeiras,Cerejeiras,RO,Brasil,Brasil,,Municipal
Portal de Transparência da Câmara Municipal de Cerejeiras,http://transparencia.cerejeiras.ro.leg.br/transparencia/,Cerejeiras,Cerejeiras,RO,Brasil,Brasil,,Municipal
Portal de Transparência do Município de Colorado do Oeste,http://transparencia.coloradodooeste.ro.gov.br/transparencia/,Colorado do Oeste,Colorado do Oeste,RO,Brasil,Brasil,,Municipal
Portal de Transparência da Câmara Municipal de Colorado do Oeste,http://transparencia.coloradodooeste.ro.leg.br/portaltransparencia/,Colorado do Oeste,Colorado do Oeste,RO,Brasil,Brasil,,Municipal
Portal de Transparência do Município de Corumbiara,http://transparencia.corumbiara.ro.gov.br/,Corumbiara,Corumbiara,RO,Brasil,Brasil,,Municipal
Portal de Transparência da Câmara Municipal de Corumbiara,http://transparencia.corumbiara.ro.leg.br/transparencia/,Corumbiara,Corumbiara,RO,Brasil,Brasil,,Municipal
Portal de Transparência do Município de Costa Marques,http://transparencia.costamarques.ro.gov.br/,Costa Marques,Costa Marques,RO,Brasil,Brasil,,Municipal
Portal de Transparência da Câmara Municipal de Costa Marques,http://138.121.27.59:8080/portaltransparencia/,Costa Marques,Costa Marques,RO,Brasil,Brasil,,Municipal
Portal de Transparência do Município de Espigão D'Oeste,http://transparencia.espigaodooeste.ro.gov.br/transparencia/,Espigão D'Oeste,Espigão D'Oeste,RO,Brasil,Brasil,,Municipal
Portal de Transparência da Câmara Municipal de Espigão D'Oeste,http://177.129.125.89/portaltransparencia/,Espigão D'Oeste,Espigão D'Oeste,RO,Brasil,Brasil,,Municipal
Portal de Transparência do Município de Guajará-Mirim,http://transparencia.guajaramirim.ro.gov.br/transparencia/,Guajará-Mirim,Guajará-Mirim,RO,Brasil,Brasil,,Municipal
Portal de Transparência da Câmara Municipal de Guajará-Mirim,http://200.96.206.197:8079/TRANSPARENCIA/,Guajará-Mirim,Guajará-Mirim,RO,Brasil,Brasil,,Municipal
Portal de Transparência do Município de Jaru,http://transparencia.jaru.ro.gov.br/transparencia/,Jaru,Jaru,RO,Brasil,Brasil,,Municipal
Portal de Transparência da Câmara Municipal de Jaru,http://177.203.133.115:5659/transparencia/,Jaru,Jaru,RO,Brasil,Brasil,,Municipal
Portal de Transparência da Câmara Municipal de Jaru - Arquivo,http://177.203.133.115/portaltransparencia// <sup>1</sup>,Jaru - Arquivo,Jaru - Arquivo,RO,Brasil,Brasil,,Municipal
Portal de Transparência do Município de Ji-Paraná,http://transparencia.ji-parana.ro.gov.br/transparencia/,Ji-Paraná,Ji-Paraná,RO,Brasil,Brasil,,Municipal
Portal de Transparência da Câmara Municipal de Ji-Paraná,http://transparencia.jiparana.ro.leg.br/transparencia/,Ji-Paraná,Ji-Paraná,RO,Brasil,Brasil,,Municipal
Portal de Transparência do Município de Machadinho d'Oeste,http://www.transparencia.machadinho.ro.gov.br/,Machadinho d'Oeste,Machadinho d'Oeste,RO,Brasil,Brasil,,Municipal
Portal de Transparência da Câmara Municipal de Machadinho d'Oeste,http://transparencia.camarademachadinho.ro.gov.br/,Machadinho d'Oeste,Machadinho d'Oeste,RO,Brasil,Brasil,,Municipal
Portal de Transparência do Município de Nova Brasilândia D'Oeste,https://transparencia.novabrasilandia.ro.gov.br/portaltransparencia/,Nova Brasilândia D'Oeste,Nova Brasilândia D'Oeste,RO,Brasil,Brasil,,Municipal
Portal de Transparência da Câmara Municipal de Nova Brasilândia D'Oeste,http://transparencia.camaranbo.ro.gov.br/portaltransparencia/,Nova Brasilândia D'Oeste,Nova Brasilândia D'Oeste,RO,Brasil,Brasil,,Municipal
Portal de Transparência do Município de Ouro Preto Do Oeste,http://transparencia.ouropretodooeste.ro.gov.br/transparencia/,Ouro Preto Do Oeste,Ouro Preto Do Oeste,RO,Brasil,Brasil,,Municipal
Portal de Transparência da Câmara Municipal de Ouro Preto do Oeste,http://179.253.49.222:5659/transparencia/,Ouro Preto do Oeste,Ouro Preto do Oeste,RO,Brasil,Brasil,,Municipal
Portal de Transparência do Município de Pimenta Bueno,http://transparencia.pimentabueno.ro.gov.br/portaltransparencia/,Pimenta Bueno,Pimenta Bueno,RO,Brasil,Brasil,,Municipal
Portal de Transparência da Câmara Municipal de Pimenta Bueno,http://transparencia.pimentabueno.ro.leg.br/portaltransparencia/,Pimenta Bueno,Pimenta Bueno,RO,Brasil,Brasil,,Municipal
Portal de Transparência do Município de Presidente Médici,http://www.transparencia.presidentemedici.ro.gov.br/transparencia/,Presidente Médici,Presidente Médici,RO,Brasil,Brasil,,Municipal
Portal de Transparência da Câmara Municipal de Presidente Médici,http://transparencia.camaramedici.ro.gov.br/,Presidente Médici,Presidente Médici,RO,Brasil,Brasil,,Municipal
Portal de Transparência do Município de Rio Crespo,http://transparencia.riocrespo.ro.gov.br/portaltransparencia/,Rio Crespo,Rio Crespo,RO,Brasil,Brasil,,Municipal
Portal de Transparência da Câmara Municipal de Rio Crespo,http://transparencia.camarariocrespo.ro.gov.br/,Rio Crespo,Rio Crespo,RO,Brasil,Brasil,,Municipal
Portal de Transparência do Município de Rolim de Moura,http://transparencia.rolimdemoura.ro.gov.br/,Rolim de Moura,Rolim de Moura,RO,Brasil,Brasil,,Municipal
Portal de Transparência da Câmara Municipal de Rolim de Moura,http://transparencia.rolimdemoura.ro.leg.br/,Rolim de Moura,Rolim de Moura,RO,Brasil,Brasil,,Municipal
Portal de Transparência do Município de Santa Luzia D'Oeste,http://transparencia.santaluzia.ro.gov.br/,Santa Luzia D'Oeste,Santa Luzia D'Oeste,RO,Brasil,Brasil,,Municipal
Portal de Transparência da Câmara Municipal de Santa Luzia D'Oeste,http://transparencia.abase.com.br/home/paginaInicial/nmRX5BhveQo=,Santa Luzia D'Oeste,Santa Luzia D'Oeste,RO,Brasil,Brasil,,Municipal
Portal de Transparência do Município de Vilhena,http://transparencia.vilhena.ro.gov.br/,Vilhena,Vilhena,RO,Brasil,Brasil,,Municipal
Portal de Transparência da Câmara Municipal de Vilhena,http://transparencia.vilhena.ro.leg.br/,Vilhena,Vilhena,RO,Brasil,Brasil,,Municipal
Portal de Transparência do Município de São Miguel do Guaporé,http://transparencia.saomiguel.ro.gov.br/portaltransparencia/,São Miguel do Guaporé,São Miguel do Guaporé,RO,Brasil,Brasil,,Municipal
Portal de Transparência da Câmara Municipal de São Miguel do Guaporé,http://transparencia.saomigueldoguapore.ro.leg.br/,São Miguel do Guaporé,São Miguel do Guaporé,RO,Brasil,Brasil,,Municipal
Portal de Transparência do Município de Nova Mamoré,http://transparencia.novamamore.ro.gov.br/,Nova Mamoré,Nova Mamoré,RO,Brasil,Brasil,,Municipal
Portal de Transparência da Câmara Municipal de Nova Mamoré,http://transparencia.novamamore.ro.leg.br/transparencia/index.php,Nova Mamoré,Nova Mamoré,RO,Brasil,Brasil,,Municipal
Portal de Transparência do Município de Alvorada D'Oeste,http://transparencia.alvoradadooeste.ro.gov.br/,Alvorada D'Oeste,Alvorada D'Oeste,RO,Brasil,Brasil,,Municipal
Portal de Transparência da Câmara Municipal de Alvorada D'Oeste,http://transparencia.camaradealvorada.ro.gov.br/,Alvorada D'Oeste,Alvorada D'Oeste,RO,Brasil,Brasil,,Municipal
Portal de Transparência do Município de Alto Alegre dos Parecis,http://transparencia.altoalegre.ro.gov.br/,Alto Alegre dos Parecis,Alto Alegre dos Parecis,RO,Brasil,Brasil,,Municipal
Portal de Transparência da Câmara Municipal de Alto Alegre dos Parecis,http://transparencia.altoalegredoparecis.ro.leg.br/,Alto Alegre dos Parecis,Alto Alegre dos Parecis,RO,Brasil,Brasil,,Municipal
Portal de Transparência do Município de Alto Paraíso,http://transparencia.altoparaiso.ro.gov.br/transparencia/,Alto Paraíso,Alto Paraíso,RO,Brasil,Brasil,,Municipal
Portal de Transparência da Câmara Municipal de Alto Paraíso,http://transparencia.camaradealtoparaiso.ro.gov.br/,Alto Paraíso,Alto Paraíso,RO,Brasil,Brasil,,Municipal
Portal de Transparência do Município de Buritis,http://transparencia.buritis.ro.gov.br/,Buritis,Buritis,RO,Brasil,Brasil,,Municipal
Portal de Transparência da Câmara Municipal de Buritis,http://transparencia.buritis.ro.leg.br/portaltransparencia/,Buritis,Buritis,RO,Brasil,Brasil,,Municipal
Portal de Transparência do Município de Novo Horizonte do Oeste,http://transparencia.novohorizonte.ro.gov.br:5659/transparencia/,Novo Horizonte do Oeste,Novo Horizonte do Oeste,RO,Brasil,Brasil,,Municipal
Portal de Transparência da Câmara Municipal de Novo Horizonte do Oeste,http://179.252.90.133:5659/transparencia/,Novo Horizonte do Oeste,Novo Horizonte do Oeste,RO,Brasil,Brasil,,Municipal
Portal de Transparência do Município de Cacaulândia,http://transparencia.cacaulandia.ro.gov.br/transparencia/,Cacaulândia,Cacaulândia,RO,Brasil,Brasil,,Municipal
Portal de Transparência da Câmara Municipal de Cacaulândia,http://transparencia.camaradecacaulandia.ro.gov.br/transparencia/,Cacaulândia,Cacaulândia,RO,Brasil,Brasil,,Municipal
Portal de Transparência do Município de Campo Novo de Rondônia,http://camponovo.ro.gov.br/transparencia/,Campo Novo de Rondônia,Campo Novo de Rondônia,RO,Brasil,Brasil,,Municipal
Portal de Transparência da Câmara Municipal de Campo Novo de Rondônia,http://transparencia.camponovoderondonia.ro.leg.br/,Campo Novo de Rondônia,Campo Novo de Rondônia,RO,Brasil,Brasil,,Municipal
Portal de Transparência do Município de Candeias do Jamari,http://transparencia.candeiasdojamari.ro.gov.br/,Candeias do Jamari,Candeias do Jamari,RO,Brasil,Brasil,,Municipal
Portal de Transparência da Câmara Municipal de Candeias do Jamari,http://177.3.248.228:5659/transparencia/,Candeias do Jamari,Candeias do Jamari,RO,Brasil,Brasil,,Municipal
Portal de Transparência do Município de Castanheiras,http://transparencia.castanheiras.ro.gov.br/portaltransparencia/,Castanheiras,Castanheiras,RO,Brasil,Brasil,,Municipal
Portal de Transparência da Câmara Municipal de Castanheiras,http://177.0.35.253/portaltransparencia/,Castanheiras,Castanheiras,RO,Brasil,Brasil,,Municipal
Portal de Transparência do Município de Chupinguaia,http://transparencia.chupinguaia.ro.gov.br/transparencia/,Chupinguaia,Chupinguaia,RO,Brasil,Brasil,,Municipal
Portal de Transparência da Câmara Municipal de Chupinguaia,http://transparencia.chupinguaia.ro.leg.br/portaltransparencia/,Chupinguaia,Chupinguaia,RO,Brasil,Brasil,,Municipal
Portal de Transparência do Município de Cujubim,http://transparencia.cujubim.ro.gov.br/,Cujubim,Cujubim,RO,Brasil,Brasil,,Municipal
Portal de Transparência da Câmara Municipal de Cujubim,http://187.53.10.198:5659/transparencia/index.php,Cujubim,Cujubim,RO,Brasil,Brasil,,Municipal
Portal de Transparência do Município de Governador Jorge Teixeira,http://transparencia.governadorjorgeteixeira.ro.gov.br/,Governador Jorge Teixeira,Governador Jorge Teixeira,RO,Brasil,Brasil,,Municipal
Portal de Transparência da Câmara Municipal de Governador Jorge Teixeira,http://transparencia.governadorjorgeteixeira.ro.leg.br/,Governador Jorge Teixeira,Governador Jorge Teixeira,RO,Brasil,Brasil,,Municipal
Portal de Transparência do Município de Itapuã do Oeste,http://transparencia.itapuadooeste.ro.gov.br/transparencia/,Itapuã do Oeste,Itapuã do Oeste,RO,Brasil,Brasil,,Municipal
Portal de Transparência da Câmara Municipal de Itapuã do Oeste,http://transparencia.camaradeitapuadooeste.ro.gov.br:5659/transparencia/,Itapuã do Oeste,Itapuã do Oeste,RO,Brasil,Brasil,,Municipal
Portal de Transparência do Município de Ministro Andreazza,http://transparencia.ministroandreazza.ro.gov.br/portaltransparencia/,Ministro Andreazza,Ministro Andreazza,RO,Brasil,Brasil,,Municipal
Portal de Transparência da Câmara Municipal de Ministro Andreazza,http://138.122.143.85:8088/portaltransparencia/,Ministro Andreazza,Ministro Andreazza,RO,Brasil,Brasil,,Municipal
Portal de Transparência do Município de Mirante da Serra,http://transparencia.mirantedaserra.ro.gov.br/,Mirante da Serra,Mirante da Serra,RO,Brasil,Brasil,,Municipal
Portal de Transparência da Câmara Municipal de Mirante da Serra,http://transparencia.mirantedaserra.ro.leg.br/transparencia/,Mirante da Serra,Mirante da Serra,RO,Brasil,Brasil,,Municipal
Portal de Transparência do Município de Monte Negro,http://transparencia.montenegro.ro.gov.br/,Monte Negro,Monte Negro,RO,Brasil,Brasil,,Municipal
Portal de Transparência da Câmara Municipal de Monte Negro,http://transparencia.camarademontenegro.ro.gov.br/,Monte Negro,Monte Negro,RO,Brasil,Brasil,,Municipal
Portal de Transparência do Município de Nova União,http://transparencia.novauniao.ro.gov.br/,Nova União,Nova União,RO,Brasil,Brasil,,Municipal
Portal de Transparência da Câmara Municipal de Nova União,http://transparencia.novauniao.ro.gov.br/,Nova União,Nova União,RO,Brasil,Brasil,,Municipal
Portal de Transparência do Município de Parecis,http://transparencia.parecis.ro.gov.br/,Parecis,Parecis,RO,Brasil,Brasil,,Municipal
Portal de Transparência da Câmara Municipal de Parecis,http://www.transparencia.parecis.ro.leg.br/transparencia/,Parecis,Parecis,RO,Brasil,Brasil,,Municipal
Portal de Transparência do Município de Pimenteiras do Oeste,http://www.transparencia.pimenteirasdooeste.ro.gov.br/transparencia/,Pimenteiras do Oeste,Pimenteiras do Oeste,RO,Brasil,Brasil,,Municipal
Portal de Transparência da Câmara Municipal de Pimenteiras do Oeste,http://transparencia.pimenteirasdooeste.ro.leg.br/,Pimenteiras do Oeste,Pimenteiras do Oeste,RO,Brasil,Brasil,,Municipal
Portal de Transparência do Município de Primavera de Rondônia,http://transparencia.primavera.ro.gov.br/,Primavera de Rondônia,Primavera de Rondônia,RO,Brasil,Brasil,,Municipal
Portal de Transparência da Câmara Municipal de Primavera de Rondônia,http://transparencia.primaveraderondonia.ro.leg.br/,Primavera de Rondônia,Primavera de Rondônia,RO,Brasil,Brasil,,Municipal
Portal de Transparência do Município de São Felipe D'Oeste,http://transparencia.saofelipe.ro.gov.br/portaltransparencia/,São Felipe D'Oeste,São Felipe D'Oeste,RO,Brasil,Brasil,,Municipal
Portal de Transparência da Câmara Municipal de São Felipe D'Oeste,http://45.233.222.15/portaltransparencia/,São Felipe D'Oeste,São Felipe D'Oeste,RO,Brasil,Brasil,,Municipal
Portal de Transparência do Município de São Francisco do Guaporé,http://transparencia.saofrancisco.ro.gov.br/,São Francisco do Guaporé,São Francisco do Guaporé,RO,Brasil,Brasil,,Municipal
Portal da Transparência da Câmara Municipal de São Francisco do Guaporé,http://transparencia.camaradesaofrancisco.ro.gov.br/,São Francisco do Guaporé,São Francisco do Guaporé,RO,Brasil,Brasil,,Municipal
Portal de Transparência do Município de Seringueiras,http://transparencia.seringueiras.ro.gov.br/,Seringueiras,Seringueiras,RO,Brasil,Brasil,,Municipal
Portal de Transparência da Câmara Municipal de Seringueiras,http://transparencia.camaradeseringueiras.ro.gov.br/,Seringueiras,Seringueiras,RO,Brasil,Brasil,,Municipal
Portal de Transparência do Município de Teixeirópolis,http://transparencia.teixeiropolis.ro.gov.br/,Teixeirópolis,Teixeirópolis,RO,Brasil,Brasil,,Municipal
Portal de Transparência da Câmara Municipal de Teixeirópolis,http://transparencia.teixeiropolis.ro.leg.br/,Teixeirópolis,Teixeirópolis,RO,Brasil,Brasil,,Municipal
Portal de Transparência do Município de Theobroma,http://transparencia.theobroma.ro.gov.br/portaltransparencia/,Theobroma,Theobroma,RO,Brasil,Brasil,,Municipal
Portal de Transparência da Câmara Municipal de Theobroma,http://transparencia.theobroma.ro.leg.br/,Theobroma,Theobroma,RO,Brasil,Brasil,,Municipal
Portal de Transparência do Município de Urupá,http://transparencia.urupa.ro.gov.br/portaltransparencia/,Urupá,Urupá,RO,Brasil,Brasil,,Municipal
Portal de Transparência da Câmara Municipal de Urupá,http://transparencia.camaradeurupa.ro.gov.br/,Urupá,Urupá,RO,Brasil,Brasil,,Municipal
Portal de Transparência do Município de Vale do Anari,http://transparencia.valedoanari.ro.gov.br/portaltransparencia/,Vale do Anari,Vale do Anari,RO,Brasil,Brasil,,Municipal
Portal de Transparência da Câmara Municipal de Vale do Anari,http://transparencia.camaravaledoanari.ro.gov.br/,Vale do Anari,Vale do Anari,RO,Brasil,Brasil,,Municipal
Portal de Transparência do Município de Vale do Paraíso,http://transparencia.camaravaledoanari.ro.gov.br/,Vale do Paraíso,Vale do Paraíso,RO,Brasil,Brasil,,Municipal
Portal de Transparência da Câmara Municipal de Vale do Paraíso,http://transparencia.camaradevaledoparaiso.ro.gov.br/,Vale do Paraíso,Vale do Paraíso,RO,Brasil,Brasil,,Municipal
Portal da Transparência do Município de Boa Vista,http://transparencia.boavista.rr.gov.br/portal/index.php,Boa Vista,Boa Vista,RR,Brasil,Brasil,,Municipal
Portal da Transparência do Município de Joinville,https://transparencia.joinville.sc.gov.br,Joinville,Joinville,SC,Brasil,Brasil,,Municipal
Portal da Transparência do Município de Florianópolis,http://www.pmf.sc.gov.br/transparencia/index.php,Florianópolis,Florianópolis,SC,Brasil,Brasil,,Municipal
Portal da Transparência do Município de Blumenau,http://www.blumenau.sc.gov.br/transpnew/wppaginainicial.aspx,Blumenau,Blumenau,SC,Brasil,Brasil,,Municipal
Portal da Transparência do Município de Praia Grande,http://e-gov.betha.com.br/transparencia/01031-007/recursos.faces?,Praia Grande,Praia Grande,SC,Brasil,Brasil,,Municipal
Portal de Dados Abertos do Município de São Paulo,http://dados.prefeitura.sp.gov.br/,São Paulo,São Paulo,SP,Brasil,Brasil,,Municipal
Portal da Transparência do Município de Guarulhos,http://portaltransparencia.guarulhos.sp.gov.br/content/dados-abertos,Guarulhos,Guarulhos,SP,Brasil,Brasil,,Municipal
Portal da Transparência e Dados Abertos do Município de Campinas,http://transparencia.campinas.sp.gov.br/,Campinas,Campinas,SP,Brasil,Brasil,,Municipal
Portal da Transparência do Município de São Bernardo do Campo,http://www.saobernardo.sp.gov.br/web/transparencia,São Bernardo do Campo,São Bernardo do Campo,SP,Brasil,Brasil,,Municipal
Portal da Transparência do Município de Santo André,http://www.lei131.com.br/apex/portal/f?p=580:1:,Santo André,Santo André,SP,Brasil,Brasil,,Municipal
Portal da Transparência do Município de Osasco,http://transparencia.osasco.sp.gov.br/,Osasco,Osasco,SP,Brasil,Brasil,,Municipal
Portal da Transparência do Município de São José dos Campos,http://www.sjc.sp.gov.br/servicos/portal_da_transparencia.aspx,São José dos Campos,São José dos Campos,SP,Brasil,Brasil,,Municipal
Portal da Transparência do Município de Ribeirão Preto,http://www.ribeiraopreto.sp.gov.br/transparencia/i30principal.php,Ribeirão Preto,Ribeirão Preto,SP,Brasil,Brasil,,Municipal
Portal da Transparência do Município de Sorocaba,http://sorocaba.prefeitura.sp.etransparencia.com.br/portal/Transparencia.aspx,Sorocaba,Sorocaba,SP,Brasil,Brasil,,Municipal
Portal da Transparência do Município de Mauá,http://www.maua.sp.gov.br/PortalTransparencia/,Mauá,Mauá,SP,Brasil,Brasil,,Municipal
Portal da Transparência do Município de São José do Rio Preto,http://www.riopreto.sp.gov.br/portaltransparencia/hometransparencia#,São José do Rio Preto,São José do Rio Preto,SP,Brasil,Brasil,,Municipal
Portal da Transparência do Município de Santos,http://www.santos.sp.gov.br/cidadeaberta/,Santos,Santos,SP,Brasil,Brasil,,Municipal
Portal da Transparência do Município de Mogi das Cruzes,http://www.transparencia.pmmc.com.br/,Mogi das Cruzes,Mogi das Cruzes,SP,Brasil,Brasil,,Municipal
Portal da Transparência do Município de Diadema,http://www.diadema.sp.gov.br/portal-da-transparencia,Diadema,Diadema,SP,Brasil,Brasil,,Municipal
Portal da Transparência do Município de Jundiaí,https://transparencia.jundiai.sp.gov.br/,Jundiaí,Jundiaí,SP,Brasil,Brasil,,Municipal
Portal da Transparência do Município de Carapicuíba,http://portaldatransparencia.carapicuiba.sp.gov.br/site/,Carapicuíba,Carapicuíba,SP,Brasil,Brasil,,Municipal
Portal da Transparência do Município de Piracicaba,http://transparencia.piracicaba.sp.gov.br/,Piracicaba,Piracicaba,SP,Brasil,Brasil,,Municipal
Portal da Transparência do Município de Bauru,http://www.bauru.sp.gov.br/financas/transparencia.aspx,Bauru,Bauru,SP,Brasil,Brasil,,Municipal
Portal da Transparência do Município de São Vicente,http://online.saovicente.sp.gov.br/pmsaovicente/websis/portal_transparencia/financeiro/contas_publicas/index.php,São Vicente,São Vicente,SP,Brasil,Brasil,,Municipal
Portal da Transparência do Município de Itaquaquecetuba,http://leideacesso.etransparencia.com.br/itaquaquecetuba.prefeitura.sp/Portal/,Itaquaquecetuba,Itaquaquecetuba,SP,Brasil,Brasil,,Municipal
Portal da Transparência do Município de Franca,http://www.franca.sp.gov.br/portal-transparencia/,Franca,Franca,SP,Brasil,Brasil,,Municipal
Portal da Transparência do Município de Guarujá,http://guaruja.prodataweb.inf.br:4555/sig/app.html#/transparencia/index,Guarujá,Guarujá,SP,Brasil,Brasil,,Municipal
Portal da Transparência do Município de Taubaté,http://leideacesso.etransparencia.com.br/taubate.prefeitura.sp/Portal/desktop.html?410,Taubaté,Taubaté,SP,Brasil,Brasil,,Municipal
Portal da Transparência do Município de Aracaju,http://transparencia.aracaju.se.gov.br/,Aracaju,Aracaju,SE,Brasil,Brasil,,Municipal
Ancine | Dados Abertos,https://www.ancine.gov.br/pt-br/acesso-a-informacao/dados_abertos,Ancine,,,Brasil,Brasil,,Cultura
Base de dados de Filmes do Mercosul,http://www.recam.org/?do=db&set_lang=pt,RECAM,,,Mercosul,Mercosul,,"Cultura, Filmes"
Base de dados de filmes estrangeiros exibidos no país entre o Omniógrafo (1896) e a passagem ao sonoro (1934),http://silenciosos.l2o.com.br/cgi-bin/wxis.exe/iah/scripts/?IsisScript=iah.xis&lang=pt&base=VIDEO,MNEMOCINE,,,,Global,,"Cultura, Filmes"
Base de dados do Internet Movie Database,https://www.imdb.com/interfaces/,IMDB,,,,IMDB,,"Cultura, Filmes"
Atlas da Violência,http://www.ipea.gov.br/atlasviolencia/,IPEA,,,Brasil,Brasil,,Segurança Pública
Defesa e Segurança Pública,http://dados.gov.br/dataset?groups=defesa-seguranca,Portal Brasileiro de Dados Abertos,,,Brasil,Brasil,,Segurança Pública
Bases de dados sobre assuntos diversos,https://www.kaggle.com/datasets,Kaggle,,,,Global,,Coleções
Brasil.io: repositório de dados públicos em formato acessível,https://brasil.io/,Brasil.io,,,Brasil,Brasil,,"Dados abertos, Nacional, Brasil"
SIDRA - Banco de Tabelas Estatísticas,https://sidra.ibge.gov.br/home/ipca/brasil,IBGE,,,Brasil,Brasil,,Nacional
API de dados do SIDR,http://api.sidra.ibge.gov.br/,IBGE,,,Brasil,Brasil,,Nacional
Portal de Mapas,https://portaldemapas.ibge.gov.br/portal.php#homepage,IBGE,,,Brasil,Brasil,,Nacional
IBGE Educa,https://educa.ibge.gov.br/,IBGE,,,Brasil,Brasil,,Nacional
Séries históricas e estatísticas,https://seriesestatisticas.ibge.gov.br/,IBGE,,,Brasil,Brasil,,Nacional
Países,https://paises.ibge.gov.br/,IBGE,,,Brasil,Brasil,,Nacional
BDG - Banco de Dados Geodésicos,http://www.bdg.ibge.gov.br/appbdg/,IBGE,,,Brasil,Brasil,,Nacional
Sistema agregador de informações sobre os municípios e estados do Brasil,https://cidades.ibge.gov.br/,IBGE,,,Brasil,Brasil,,Nacional
Albânia,http://www.open.data.al/,Albânia,,,Albânia,Albânia,,Internacional
Alemanha,https://www.govdata.de/,Alemanha,,,Alemanha,Alemanha,,Internacional
Austrália,https://data.gov.au/,Austrália,,,Austrália,Austrália,,Internacional
Áustria,https://www.data.gv.at/,Áustria,,,Áustria,Áustria,,Internacional
Bélgica,https://data.gov.be/en,Bélgica,,,Bélgica,Bélgica,,Internacional
Brunei,https://www.data.gov.bn/Pages/index.aspx,Brunei,,,Brunei,Brunei,,Internacional
Canadá,https://open.canada.ca/en/open-data,Canadá,,,Canadá,Canadá,,Internacional
Chipre,https://www.data.gov.cy/,Chipre,,,Chipre,Chipre,,Internacional
Chile,https://datos.gob.cl/,Chile,,,Chile,Chile,,Internacional
Coreia do Sul,https://www.data.go.kr/,Coreia do Sul,,,Coreia do Sul,Coreia do Sul,,Internacional
Dinamarca,https://www.dst.dk/en#,Dinamarca,,,Dinamarca,Dinamarca,,Internacional
Egito,http://www.egypt.gov.eg/english/home.aspx,Egito,,,Egito,Egito,,Internacional
Espanha,https://datos.gob.es/es,Espanha,,,Espanha,Espanha,,Internacional
Estônia,https://opendata.riik.ee/en/datasets/,Estônia,,,Estônia,Estônia,,Internacional
Abu Dhabi,https://www.dpm.gov.abudhabi/notification,Abu Dhabi,,,Emirados Árabes,Emirados Árabes,,Internacional
Dubai,http://dubaidata.ae/,Dubai,,,Arábia Saudita,Arábia Saudita,,Internacional
Dubai,https://www.khda.gov.ae/en/opendata,Dubai,,,Arábia Saudita,Arábia Saudita,,Internacional
Catar,https://portal.moi.gov.qa/wps/portal/MOIInternet/opendata,Catar,,,Catar,Catar,,Internacional
Estados Unidos da América,https://www.data.gov/,Estados Unidos da América,,,Estados Unidos da América,Estados Unidos da América,,Internacional
Nova York,https://opendata.cityofnewyork.us/data/,Nova York,,,Estados Unidos da América,Estados Unidos da América,,Internacional
Equador,http://catalogo.datosabiertos.gob.ec/en/dataset,Equador,,,Equador,Equador,,Internacional
França,https://www.data.gouv.fr/en/,França,,,França,França,,Internacional
Filipinas,https://data.gov.ph/,Filipinas,,,Filipinas,Filipinas,,Internacional
Gana,http://data.gov.gh/dataset,Gana,,,Gana,Gana,,Internacional
Grécia,http://www.opengov.gr/en/,Grécia,,,Grécia,Grécia,,Internacional
Indonésia,https://data.go.id/,Indonésia,,,Indonésia,Indonésia,,Internacional
Inglaterra,https://data.gov.uk/,Inglaterra,,,Inglaterra,Inglaterra,,Internacional
Irlanda,https://data.gov.ie/,Irlanda,,,Irlanda,Irlanda,,Internacional
Israel,https://data.gov.il/,Israel,,,Israel,Israel,,Internacional
Japão,https://www.data.go.jp/,Japão,,,Japão,Japão,,Internacional
Jordânia,https://jordan.gov.jo/wps/portal/OpenData#/manageDataSets,Jordânia,,,Jordânia,Jordânia,,Internacional
Kuwait,https://www.e.gov.kw/sites/kgoEnglish/Pages/OtherTopics/OpenData.aspx,Kuwait,,,Kuwait,Kuwait,,Internacional
Letónia,https://data.gov.lv/eng,Letónia,,,Letónia,Letónia,,Internacional
Luxemburgo,https://data.public.lu/fr/,Luxemburgo,,,Luxemburgo,Luxemburgo,,Internacional
México,https://datos.gob.mx/,México,,,México,México,,Internacional
Noruega,https://data.norge.no/,Noruega,,,Noruega,Noruega,,Internacional
Portugal,https://dados.gov.pt/pt/datasets/,Portugal,,,Portugal,Portugal,,Internacional
Suíça,https://opendata.swiss/fr/,Suíça,,,Suíça,Suíça,,Internacional
Tailândia,https://data.go.th/default.aspx,Tailândia,,,Tailândia,Tailândia,,Internacional
Tanzânia,http://www.opendata.go.tz/dataset,Tanzânia,,,Tanzânia,Tanzânia,,Internacional
Tunísia,http://data.industrie.gov.tn/,Tunísia,,,Tunísia,Tunísia,,Internacional
Educação Inteligente,http://educacao.dadosabertosbr.com,Ministério das Comunicações,,Brasil,Brasil,Brasil,,"Educação, Ministério"
"Programa Mais Educação, Prouni e Pronatec",http://dadosabertos.mec.gov.br/,Ministério da Educação,,Brasil,Brasil,Brasil,,"Educação, Ministério"
Inep,http://inep.gov.br/dados,INEP | Instituto Nacional de Estudos e Pesquisas Educacionais Anísio Teixeira,,Brasil,Brasil,Brasil,,Educação
UFRN - Dados Abertos,http://dados.ufrn.br/,UFRN | Universidade Federal do Rio Grande do Norte,,RN,Brasil,Brasil,,Universidade Federal
IFRN - Dados Abertos,https://dados.ifrn.edu.br/,IFRN | Insituto Federal do Rio Grande do Norte,,RN,Brasil,Brasil,,Universidade Federal
Base de dados sobre a saúde no país,http://www2.datasus.gov.br/DATASUS/index.php?area=02,SUS,,Brasil,Brasil,Brasil,,Saúde
Dados mundiais sobre a saúde,https://www.who.int/gho/themes/en/,OMS | Organização Mundial da Saúde,,ONU,Global,OMS,,Saúde
Informações e avaliações de operadoras,http://www.ans.gov.br/planos-de-saude-e-operadoras/informacoes-e-avaliacoes-de-operadoras,ANS | Agência Nacional da Saúde,,Brasil,Brasil,Brasil,,Saúde
Base de dados de bandas de metal,https://www.metal-archives.com/,Enciclopédia Metallum,,,Global,Encyclopaedia Metallum,,Música
Banco de dados de música com conteúdo aberto,https://musicbrainz.org/,Music Brainz,,,Global,Music Brainz,,Música
Base de dados de produção músical,https://www.discogs.com/,Discogs,,,Global,Discogs,,Música